"","Package","LibPath","Version","Priority","Depends","Imports","LinkingTo","Suggests","Enhances","License","License_is_FOSS","License_restricts_use","OS_type","MD5sum","NeedsCompilation","Built"
"arsenal","arsenal","/home/bd/R/x86_64-pc-linux-gnu-library/4.1","3.6.3",NA,"R (>= 3.4.0), stats (>= 3.4.0)","knitr (>= 1.29), utils (>= 3.4.0)",NA,"broom (>= 0.7.1), magrittr, rmarkdown, testthat, xtable,
pander, survival (>= 2.43-1), coin, pROC, MASS, splines, rpart,
yaml, geepack",NA,"GPL (>= 2)",NA,NA,NA,NA,"no","4.1.1"
"askpass","askpass","/home/bd/R/x86_64-pc-linux-gnu-library/4.1","1.1",NA,NA,"sys (>= 2.1)",NA,"testthat",NA,"MIT + file LICENSE",NA,NA,NA,NA,"yes","4.1.0"
"assertthat","assertthat","/home/bd/R/x86_64-pc-linux-gnu-library/4.1","0.2.1",NA,NA,"tools",NA,"testthat, covr",NA,"GPL-3",NA,NA,NA,NA,"no","4.1.0"
"backports","backports","/home/bd/R/x86_64-pc-linux-gnu-library/4.1","1.4.0",NA,"R (>= 3.0.0)",NA,NA,NA,NA,"GPL-2 | GPL-3",NA,NA,NA,NA,"yes","4.1.2"
"base64enc","base64enc","/home/bd/R/x86_64-pc-linux-gnu-library/4.1","0.1-3",NA,"R (>= 2.9.0)",NA,NA,NA,"png","GPL-2 | GPL-3",NA,NA,NA,NA,"yes","4.1.0"
"bit","bit","/home/bd/R/x86_64-pc-linux-gnu-library/4.1","4.0.4",NA,"R (>= 2.9.2)",NA,NA,"testthat (>= 0.11.0), roxygen2, knitr, rmarkdown,
microbenchmark, bit64 (>= 4.0.0), ff (>= 4.0.0)",NA,"GPL-2 | GPL-3",NA,NA,NA,NA,"yes","4.1.0"
"bit64","bit64","/home/bd/R/x86_64-pc-linux-gnu-library/4.1","4.0.5",NA,"R (>= 3.0.1), bit (>= 4.0.0), utils, methods, stats",NA,NA,NA,NA,"GPL-2 | GPL-3",NA,NA,NA,NA,"yes","4.1.0"
"blob","blob","/home/bd/R/x86_64-pc-linux-gnu-library/4.1","1.2.2",NA,NA,"methods, rlang, vctrs (>= 0.2.1)",NA,"covr, crayon, pillar (>= 1.2.1), testthat",NA,"MIT + file LICENSE",NA,NA,NA,NA,"no","4.1.0"
"broom","broom","/home/bd/R/x86_64-pc-linux-gnu-library/4.1","0.7.10",NA,"R (>= 3.1)","backports, dplyr (>= 1.0.0), ellipsis, generics (>= 0.0.2),
glue, methods, purrr, rlang, stringr, tibble (>= 3.0.0), tidyr
(>= 1.0.0), ggplot2",NA,"AER, akima, AUC, bbmle, betareg, biglm, binGroup, boot,
btergm, car, caret, cluster, cmprsk, coda, covr, drc, e1071,
emmeans, epiR, ergm (>= 3.10.4), fixest (>= 0.9.0), gam (>=
1.15), gee, geepack, glmnet, glmnetUtils, gmm, Hmisc, irlba,
joineRML, Kendall, knitr, ks, Lahman, lavaan, leaps, lfe,
lm.beta, lme4, lmodel2, lmtest (>= 0.9.38), lsmeans, maps,
maptools, margins, MASS, Matrix, mclust, mediation, metafor,
mfx, mgcv, mlogit, modeldata, modeltests, muhaz, multcomp,
network, nnet, orcutt (>= 2.2), ordinal, plm, poLCA, psych,
quantreg, rgeos, rmarkdown, robust, robustbase, rsample,
sandwich, sp, spdep (>= 1.1), spatialreg, speedglm, spelling,
survey, survival, systemfit, testthat (>= 2.1.0), tseries,
vars, zoo",NA,"MIT + file LICENSE",NA,NA,NA,NA,"no","4.1.2"
"callr","callr","/home/bd/R/x86_64-pc-linux-gnu-library/4.1","3.7.0",NA,NA,"processx (>= 3.5.0), R6, utils",NA,"cli, covr, ps, rprojroot, spelling, testthat, withr (>=
2.3.0)",NA,"MIT + file LICENSE",NA,NA,NA,NA,"no","4.1.0"
"cellranger","cellranger","/home/bd/R/x86_64-pc-linux-gnu-library/4.1","1.1.0",NA,"R (>= 3.0.0)","rematch, tibble",NA,"covr, testthat (>= 1.0.0), knitr, rmarkdown",NA,"MIT + file LICENSE",NA,NA,NA,NA,"no","4.1.0"
"cli","cli","/home/bd/R/x86_64-pc-linux-gnu-library/4.1","3.1.0",NA,"R (>= 2.10)","glue, utils",NA,"asciicast, callr, covr, grDevices, htmltools, htmlwidgets,
knitr, methods, mockery, processx, ps (>= 1.3.4.9000), rlang,
rmarkdown, rstudioapi, shiny, testthat, tibble, whoami, withr",NA,"MIT + file LICENSE",NA,NA,NA,NA,"yes","4.1.2"
"clipr","clipr","/home/bd/R/x86_64-pc-linux-gnu-library/4.1","0.7.1",NA,NA,"utils",NA,"covr, knitr, rmarkdown, rstudioapi (>= 0.5), testthat (>=
2.0.0)",NA,"GPL-3",NA,NA,NA,NA,"no","4.1.0"
"colorspace","colorspace","/home/bd/R/x86_64-pc-linux-gnu-library/4.1","2.0-2",NA,"R (>= 3.0.0), methods","graphics, grDevices, stats",NA,"datasets, utils, KernSmooth, MASS, kernlab, mvtnorm, vcd,
tcltk, shiny, shinyjs, ggplot2, dplyr, scales, grid, png, jpeg,
knitr, rmarkdown, RColorBrewer, rcartocolor, scico, viridis,
wesanderson",NA,"BSD_3_clause + file LICENSE",NA,NA,NA,NA,"yes","4.1.0"
"countrycode","countrycode","/home/bd/R/x86_64-pc-linux-gnu-library/4.1","1.3.0",NA,"R (>= 2.10)",NA,NA,"testthat, tibble, utf8",NA,"GPL-3",NA,NA,NA,NA,"no","4.1.0"
"cpp11","cpp11","/home/bd/R/x86_64-pc-linux-gnu-library/4.1","0.4.2",NA,NA,NA,NA,"bench, brio, callr, cli, covr, decor, desc, ggplot2, glue,
knitr, lobstr, mockery, progress, rmarkdown, scales, Rcpp,
testthat, tibble, utils, vctrs, withr",NA,"MIT + file LICENSE",NA,NA,NA,NA,"no","4.1.2"
"crayon","crayon","/home/bd/R/x86_64-pc-linux-gnu-library/4.1","1.4.2",NA,NA,"grDevices, methods, utils",NA,"mockery, rstudioapi, testthat, withr",NA,"MIT + file LICENSE",NA,NA,NA,NA,"no","4.1.2"
"credentials","credentials","/home/bd/R/x86_64-pc-linux-gnu-library/4.1","1.3.2",NA,NA,"openssl (>= 1.3), sys (>= 2.1), curl, jsonlite, askpass",NA,"testthat, knitr, rmarkdown",NA,"MIT + file LICENSE",NA,NA,NA,NA,"no","4.1.2"
"curl","curl","/home/bd/R/x86_64-pc-linux-gnu-library/4.1","4.3.2",NA,"R (>= 3.0.0)",NA,NA,"spelling, testthat (>= 1.0.0), knitr, jsonlite, rmarkdown,
magrittr, httpuv (>= 1.4.4), webutils",NA,"MIT + file LICENSE",NA,NA,NA,NA,"yes","4.1.0"
"data.table","data.table","/home/bd/R/x86_64-pc-linux-gnu-library/4.1","1.14.2",NA,"R (>= 3.1.0)","methods",NA,"bit64 (>= 4.0.0), bit (>= 4.0.4), curl, R.utils, xts,
nanotime, zoo (>= 1.8-1), yaml, knitr, rmarkdown",NA,"MPL-2.0 | file LICENSE",NA,NA,NA,NA,"yes","4.1.2"
"DBI","DBI","/home/bd/R/x86_64-pc-linux-gnu-library/4.1","1.1.1",NA,"methods, R (>= 3.0.0)",NA,NA,"blob, covr, dbplyr, dplyr, glue, hms, knitr, magrittr,
rmarkdown, rprojroot, RMariaDB, RSQLite (>= 1.1-2), testthat,
xml2",NA,"LGPL (>= 2.1)",NA,NA,NA,NA,"no","4.1.0"
"dbplyr","dbplyr","/home/bd/R/x86_64-pc-linux-gnu-library/4.1","2.1.1",NA,"R (>= 3.1)","assertthat (>= 0.2.0), blob (>= 1.2.0), DBI (>= 1.0.0), dplyr
(>= 1.0.4), ellipsis, glue (>= 1.2.0), lifecycle (>= 1.0.0),
magrittr, methods, purrr (>= 0.2.5), R6 (>= 2.2.2), rlang (>=
0.2.0), tibble (>= 1.4.2), tidyselect (>= 0.2.4), utils, vctrs,
withr",NA,"bit64, covr, knitr, Lahman, nycflights13, odbc, RMariaDB (>=
1.0.2), rmarkdown, RPostgres (>= 1.1.3), RPostgreSQL, RSQLite
(>= 2.1.0), testthat (>= 3.0.2), tidyr",NA,"MIT + file LICENSE",NA,NA,NA,NA,"no","4.1.0"
"desc","desc","/home/bd/R/x86_64-pc-linux-gnu-library/4.1","1.4.0",NA,"R (>= 3.1.0)","utils, R6, crayon, rprojroot",NA,"covr, testthat, whoami, withr, spelling, gh",NA,"MIT + file LICENSE",NA,NA,NA,NA,"no","4.1.2"
"digest","digest","/home/bd/R/x86_64-pc-linux-gnu-library/4.1","0.6.29",NA,"R (>= 3.3.0)","utils",NA,"tinytest, simplermarkdown",NA,"GPL (>= 2)",NA,NA,NA,NA,"yes","4.1.2"
"dplyr","dplyr","/home/bd/R/x86_64-pc-linux-gnu-library/4.1","1.0.7",NA,"R (>= 3.3.0)","ellipsis, generics, glue (>= 1.3.2), lifecycle (>= 1.0.0),
magrittr (>= 1.5), methods, R6, rlang (>= 0.4.10), tibble (>=
2.1.3), tidyselect (>= 1.1.0), utils, vctrs (>= 0.3.5), pillar
(>= 1.5.1)",NA,"bench, broom, callr, covr, DBI, dbplyr (>= 1.4.3), knitr,
Lahman, lobstr, microbenchmark, nycflights13, purrr, rmarkdown,
RMySQL, RPostgreSQL, RSQLite, testthat (>= 3.0.2), tidyr, withr",NA,"MIT + file LICENSE",NA,NA,NA,NA,"yes","4.1.0"
"dslabs","dslabs","/home/bd/R/x86_64-pc-linux-gnu-library/4.1","0.7.4",NA,"R (>= 3.1.2)","ggplot2",NA,NA,NA,"Artistic-2.0",NA,NA,NA,NA,"no","4.1.2"
"dtplyr","dtplyr","/home/bd/R/x86_64-pc-linux-gnu-library/4.1","1.2.0",NA,"R (>= 3.3)","crayon, data.table (>= 1.13.0), dplyr (>= 1.0.3), ellipsis,
glue, lifecycle, rlang, tibble, tidyselect, vctrs",NA,"bench, covr, knitr, rmarkdown, testthat (>= 3.0.0), tidyr (>=
1.1.0)",NA,"MIT + file LICENSE",NA,NA,NA,NA,"no","4.1.2"
"ellipsis","ellipsis","/home/bd/R/x86_64-pc-linux-gnu-library/4.1","0.3.2",NA,"R (>= 3.2)","rlang (>= 0.3.0)",NA,"covr, testthat",NA,"MIT + file LICENSE",NA,NA,NA,NA,"yes","4.1.0"
"evaluate","evaluate","/home/bd/R/x86_64-pc-linux-gnu-library/4.1","0.14",NA,"R (>= 3.0.2)","methods",NA,"testthat, lattice, ggplot2",NA,"MIT + file LICENSE",NA,NA,NA,NA,"no","4.1.0"
"expm","expm","/home/bd/R/x86_64-pc-linux-gnu-library/4.1","0.999-6",NA,"Matrix","methods",NA,"RColorBrewer, sfsmisc, Rmpfr",NA,"GPL (>= 2)",NA,NA,NA,NA,"yes","4.1.1"
"fansi","fansi","/home/bd/R/x86_64-pc-linux-gnu-library/4.1","0.5.0",NA,"R (>= 3.1.0)","grDevices, utils",NA,"unitizer, knitr, rmarkdown",NA,"GPL (>= 2)",NA,NA,NA,NA,"yes","4.1.0"
"farver","farver","/home/bd/R/x86_64-pc-linux-gnu-library/4.1","2.1.0",NA,NA,NA,NA,"testthat (>= 2.1.0), covr",NA,"MIT + file LICENSE",NA,NA,NA,NA,"yes","4.1.0"
"fastmap","fastmap","/home/bd/R/x86_64-pc-linux-gnu-library/4.1","1.1.0",NA,NA,NA,NA,"testthat (>= 2.1.1)",NA,"MIT + file LICENSE",NA,NA,NA,NA,"yes","4.1.2"
"forcats","forcats","/home/bd/R/x86_64-pc-linux-gnu-library/4.1","0.5.1",NA,"R (>= 3.2)","ellipsis, magrittr, rlang, tibble",NA,"covr, dplyr, ggplot2, knitr, readr, rmarkdown, testthat",NA,"MIT + file LICENSE",NA,NA,NA,NA,"no","4.1.0"
"fs","fs","/home/bd/R/x86_64-pc-linux-gnu-library/4.1","1.5.1",NA,"R (>= 3.1)","methods",NA,"testthat, covr, pillar (>= 1.0.0), tibble (>= 1.1.0), crayon,
rmarkdown, knitr, withr, spelling, vctrs (>= 0.3.0)",NA,"MIT + file LICENSE",NA,NA,NA,NA,"yes","4.1.2"
"gargle","gargle","/home/bd/R/x86_64-pc-linux-gnu-library/4.1","1.2.0",NA,"R (>= 3.3)","cli (>= 3.0.0), fs (>= 1.3.1), glue (>= 1.3.0), httr (>=
1.4.0), jsonlite, rappdirs, rlang (>= 0.4.9), rstudioapi,
stats, utils, withr",NA,"aws.ec2metadata, aws.signature, covr, httpuv, knitr, mockr,
rmarkdown, sodium, spelling, testthat (>= 3.0.0)",NA,"MIT + file LICENSE",NA,NA,NA,NA,"no","4.1.0"
"generics","generics","/home/bd/R/x86_64-pc-linux-gnu-library/4.1","0.1.1",NA,"R (>= 3.2)","methods",NA,"covr, pkgload, testthat (>= 3.0.0), tibble, withr",NA,"MIT + file LICENSE",NA,NA,NA,NA,"no","4.1.2"
"gert","gert","/home/bd/R/x86_64-pc-linux-gnu-library/4.1","1.4.3",NA,NA,"askpass, credentials (>= 1.2.1), openssl (>= 1.4.1),
rstudioapi (>= 0.11), sys, zip (>= 2.1.0)",NA,"spelling, knitr, rmarkdown, testthat",NA,"MIT + file LICENSE",NA,NA,NA,NA,"yes","4.1.2"
"ggplot2","ggplot2","/home/bd/R/x86_64-pc-linux-gnu-library/4.1","3.3.5",NA,"R (>= 3.3)","digest, glue, grDevices, grid, gtable (>= 0.1.1), isoband,
MASS, mgcv, rlang (>= 0.4.10), scales (>= 0.5.0), stats,
tibble, withr (>= 2.0.0)",NA,"covr, ragg, dplyr, ggplot2movies, hexbin, Hmisc, interp,
knitr, lattice, mapproj, maps, maptools, multcomp, munsell,
nlme, profvis, quantreg, RColorBrewer, rgeos, rmarkdown, rpart,
sf (>= 0.7-3), svglite (>= 1.2.0.9001), testthat (>= 2.1.0),
vdiffr (>= 1.0.0), xml2","sp","MIT + file LICENSE",NA,NA,NA,NA,"no","4.1.0"
"ggthemes","ggthemes","/home/bd/R/x86_64-pc-linux-gnu-library/4.1","4.2.4",NA,"R (>= 3.3.0)","ggplot2 (>= 3.0.0), graphics, grid, methods, purrr, scales,
stringr, tibble",NA,"dplyr, covr, extrafont, glue, knitr, lattice, lintr, maps,
mapproj, pander, rlang, rmarkdown, spelling, testthat, tidyr,
vdiffr, withr",NA,"GPL-2",NA,NA,NA,NA,"no","4.1.0"
"gh","gh","/home/bd/R/x86_64-pc-linux-gnu-library/4.1","1.3.0",NA,NA,"cli (>= 2.0.1), gitcreds, httr (>= 1.2), ini, jsonlite",NA,"covr, knitr, mockery, rmarkdown, rprojroot, spelling,
testthat (>= 2.3.2), withr",NA,"MIT + file LICENSE",NA,NA,NA,NA,"no","4.1.0"
"gitcreds","gitcreds","/home/bd/R/x86_64-pc-linux-gnu-library/4.1","0.1.1",NA,NA,NA,NA,"codetools, testthat, knitr, mockery, oskeyring, rmarkdown,
withr",NA,"MIT + file LICENSE",NA,NA,NA,NA,"no","4.1.0"
"glue","glue","/home/bd/R/x86_64-pc-linux-gnu-library/4.1","1.5.1",NA,"R (>= 3.2)","methods",NA,"covr, crayon, DBI, dplyr, forcats, ggplot2, knitr, magrittr,
microbenchmark, R.utils, rmarkdown, rprintf, RSQLite, stringr,
testthat, vctrs (>= 0.3.0), waldo, withr",NA,"MIT + file LICENSE",NA,NA,NA,NA,"yes","4.1.2"
"googledrive","googledrive","/home/bd/R/x86_64-pc-linux-gnu-library/4.1","2.0.0",NA,"R (>= 3.3)","cli (>= 3.0.0), gargle (>= 1.2.0), glue (>= 1.4.2), httr,
jsonlite, lifecycle, magrittr, pillar, purrr (>= 0.2.3), rlang
(>= 0.4.9), tibble (>= 2.0.0), utils, uuid, vctrs (>= 0.3.0),
withr",NA,"covr, curl, downlit, dplyr (>= 1.0.0), knitr, mockr,
rmarkdown, roxygen2, sodium, spelling, testthat (>= 3.0.0)",NA,"MIT + file LICENSE",NA,NA,NA,NA,"no","4.1.0"
"googlesheets4","googlesheets4","/home/bd/R/x86_64-pc-linux-gnu-library/4.1","1.0.0",NA,"R (>= 3.3)","cellranger, cli (>= 3.0.0), curl, gargle (>= 1.2.0), glue (>=
1.3.0), googledrive (>= 2.0.0), httr, ids, magrittr, methods,
purrr, rematch2, rlang (>= 0.4.11), tibble (>= 2.1.1), utils,
vctrs (>= 0.2.3)",NA,"covr, readr, rmarkdown, sodium, spelling, testthat (>=
3.0.0), withr",NA,"MIT + file LICENSE",NA,NA,NA,NA,"no","4.1.0"
"gtable","gtable","/home/bd/R/x86_64-pc-linux-gnu-library/4.1","0.3.0",NA,"R (>= 3.0)","grid",NA,"covr, testthat, knitr, rmarkdown, ggplot2, profvis",NA,"GPL-2",NA,NA,NA,NA,"no","4.1.0"
"haven","haven","/home/bd/R/x86_64-pc-linux-gnu-library/4.1","2.4.3",NA,"R (>= 3.2)","forcats (>= 0.2.0), hms, methods, readr (>= 0.1.0), rlang (>=
0.4.0), tibble, tidyselect, vctrs (>= 0.3.0)","cpp11","cli, covr, crayon, fs, knitr, pillar (>= 1.4.0), rmarkdown,
testthat (>= 3.0.0)",NA,"MIT + file LICENSE",NA,NA,NA,NA,"yes","4.1.0"
"highr","highr","/home/bd/R/x86_64-pc-linux-gnu-library/4.1","0.9",NA,"R (>= 3.2.3)","xfun (>= 0.18)",NA,"knitr, markdown, testit",NA,"GPL",NA,NA,NA,NA,"no","4.1.0"
"hms","hms","/home/bd/R/x86_64-pc-linux-gnu-library/4.1","1.1.1",NA,NA,"ellipsis (>= 0.3.2), lifecycle, methods, pkgconfig, rlang,
vctrs (>= 0.3.8)",NA,"crayon, lubridate, pillar (>= 1.1.0), testthat (>= 3.0.0)",NA,"MIT + file LICENSE",NA,NA,NA,NA,"no","4.1.2"
"htmltools","htmltools","/home/bd/R/x86_64-pc-linux-gnu-library/4.1","0.5.2",NA,"R (>= 2.14.1)","utils, digest, grDevices, base64enc, rlang (>= 0.4.10),
fastmap",NA,"markdown, testthat, withr, Cairo, ragg, shiny","knitr","GPL (>= 2)",NA,NA,NA,NA,"yes","4.1.2"
"httr","httr","/home/bd/R/x86_64-pc-linux-gnu-library/4.1","1.4.2",NA,"R (>= 3.2)","curl (>= 3.0.0), jsonlite, mime, openssl (>= 0.8), R6",NA,"covr, httpuv, jpeg, knitr, png, readr, rmarkdown, testthat
(>= 0.8.0), xml2",NA,"MIT + file LICENSE",NA,NA,NA,NA,"no","4.1.0"
"ids","ids","/home/bd/R/x86_64-pc-linux-gnu-library/4.1","1.0.1",NA,NA,"openssl, uuid",NA,"knitr, rcorpora, rmarkdown, testthat",NA,"MIT + file LICENSE",NA,NA,NA,NA,"no","4.1.0"
"igraph","igraph","/home/bd/R/x86_64-pc-linux-gnu-library/4.1","1.2.9",NA,"methods","graphics, grDevices, magrittr, Matrix, pkgconfig (>= 2.0.0),
stats, utils",NA,"ape, graph, igraphdata, rgl, scales, stats4, tcltk, testthat,
withr, digest",NA,"GPL (>= 2)",NA,NA,NA,NA,"yes","4.1.2"
"ini","ini","/home/bd/R/x86_64-pc-linux-gnu-library/4.1","0.3.1",NA,NA,NA,NA,"testthat",NA,"GPL-3",NA,NA,NA,NA,"no","4.1.0"
"isoband","isoband","/home/bd/R/x86_64-pc-linux-gnu-library/4.1","0.2.5",NA,NA,"grid, utils",NA,"covr, ggplot2, knitr, magick, microbenchmark, rmarkdown, sf,
testthat, xml2",NA,"MIT + file LICENSE",NA,NA,NA,NA,"yes","4.1.0"
"jquerylib","jquerylib","/home/bd/R/x86_64-pc-linux-gnu-library/4.1","0.1.4",NA,NA,"htmltools",NA,"testthat",NA,"MIT + file LICENSE",NA,NA,NA,NA,"no","4.1.2"
"jsonlite","jsonlite","/home/bd/R/x86_64-pc-linux-gnu-library/4.1","1.7.2",NA,"methods",NA,NA,"httr, curl, plyr, testthat, knitr, rmarkdown, R.rsp, sf",NA,"MIT + file LICENSE",NA,NA,NA,NA,"yes","4.1.0"
"knitr","knitr","/home/bd/R/x86_64-pc-linux-gnu-library/4.1","1.36",NA,"R (>= 3.2.3)","evaluate (>= 0.10), highr, methods, stringr (>= 0.6), yaml (>=
2.1.19), xfun (>= 0.21), tools",NA,"markdown, formatR, testit, digest, rgl (>= 0.95.1201),
codetools, rmarkdown, htmlwidgets (>= 0.7), webshot, tikzDevice
(>= 0.10), tinytex, reticulate (>= 1.4), JuliaCall (>= 0.11.1),
magick, png, jpeg, gifski, xml2 (>= 1.2.0), httr, DBI (>=
0.4-1), showtext, tibble, sass, bslib, ragg, styler (>= 1.2.0),
targets (>= 0.6.0)",NA,"GPL",NA,NA,NA,NA,"no","4.1.2"
"labeling","labeling","/home/bd/R/x86_64-pc-linux-gnu-library/4.1","0.4.2",NA,NA,"stats, graphics",NA,NA,NA,"MIT + file LICENSE | Unlimited",NA,NA,NA,NA,"no","4.1.0"
"lifecycle","lifecycle","/home/bd/R/x86_64-pc-linux-gnu-library/4.1","1.0.1",NA,"R (>= 3.3)","glue, rlang (>= 0.4.10)",NA,"covr, crayon, lintr, tidyverse, knitr, rmarkdown, testthat
(>= 3.0.1), tools, tibble, vctrs",NA,"MIT + file LICENSE",NA,NA,NA,NA,"no","4.1.2"
"lme4","lme4","/home/bd/R/x86_64-pc-linux-gnu-library/4.1","1.1-27.1",NA,"R (>= 3.2.0), Matrix (>= 1.2-1), methods, stats","graphics, grid, splines, utils, parallel, MASS, lattice, boot,
nlme (>= 3.1-123), minqa (>= 1.1.15), nloptr (>= 1.0.4)","Rcpp (>= 0.10.5), RcppEigen","knitr, rmarkdown, PKPDmodels, MEMSS, testthat (>= 0.8.1),
ggplot2, mlmRev, optimx (>= 2013.8.6), gamm4, pbkrtest, HSAUR3,
numDeriv, car, dfoptim, mgcv, statmod, rr2, semEff",NA,"GPL (>= 2)",NA,NA,NA,NA,"yes","4.1.1"
"lubridate","lubridate","/home/bd/R/x86_64-pc-linux-gnu-library/4.1","1.8.0",NA,"methods, R (>= 3.2)","generics","cpp11 (>= 0.2.7)","covr, knitr, testthat (>= 2.1.0), vctrs (>= 0.3.0), rmarkdown","chron, timeDate, tis, zoo","GPL (>= 2)",NA,NA,NA,NA,"yes","4.1.2"
"magrittr","magrittr","/home/bd/R/x86_64-pc-linux-gnu-library/4.1","2.0.1",NA,NA,NA,NA,"covr, knitr, rlang, rmarkdown, testthat",NA,"MIT + file LICENSE",NA,NA,NA,NA,"yes","4.1.0"
"maps","maps","/home/bd/R/x86_64-pc-linux-gnu-library/4.1","3.4.0",NA,"R (>= 3.5.0)","graphics, utils",NA,"mapproj (>= 1.2-0), mapdata (>= 2.3.0), sp, rnaturalearth",NA,"GPL-2",NA,NA,NA,NA,"yes","4.1.2"
"markdown","markdown","/home/bd/R/x86_64-pc-linux-gnu-library/4.1","1.1",NA,"R (>= 2.11.1)","utils, xfun, mime (>= 0.3)",NA,"knitr, RCurl",NA,"GPL-2",NA,NA,NA,NA,"yes","4.1.0"
"markovchain","markovchain","/home/bd/R/x86_64-pc-linux-gnu-library/4.1","0.8.6",NA,"R (>= 3.6.0), methods","igraph, Matrix, matlab, expm, stats4, parallel, Rcpp (>=
1.0.2), RcppParallel, utils, stats, grDevices","Rcpp, RcppParallel, RcppArmadillo (>= 0.9.600.4.0)","knitr, testthat, diagram, DiagrammeR, msm, Rsolnp, rmarkdown,
ctmcd, bookdown, rticles","etm","GPL-2",NA,NA,NA,NA,"yes","4.1.1"
"matlab","matlab","/home/bd/R/x86_64-pc-linux-gnu-library/4.1","1.0.2",NA,"R (>= 2.15)","methods",NA,NA,NA,"Artistic-2.0",NA,NA,NA,NA,"no","4.1.1"
"mime","mime","/home/bd/R/x86_64-pc-linux-gnu-library/4.1","0.12",NA,NA,"tools",NA,NA,NA,"GPL",NA,NA,NA,NA,"yes","4.1.2"
"minqa","minqa","/home/bd/R/x86_64-pc-linux-gnu-library/4.1","1.2.4",NA,NA,"Rcpp (>= 0.9.10)","Rcpp",NA,NA,"GPL-2",NA,NA,NA,NA,"yes","4.1.1"
"modelr","modelr","/home/bd/R/x86_64-pc-linux-gnu-library/4.1","0.1.8",NA,"R (>= 3.2)","broom, magrittr, purrr (>= 0.2.2), rlang (>= 0.2.0), tibble,
tidyr (>= 0.8.0), tidyselect, vctrs",NA,"compiler, covr, ggplot2, testthat",NA,"GPL-3",NA,NA,NA,NA,"no","4.1.0"
"munsell","munsell","/home/bd/R/x86_64-pc-linux-gnu-library/4.1","0.5.0",NA,NA,"colorspace, methods",NA,"ggplot2, testthat",NA,"MIT + file LICENSE",NA,NA,NA,NA,"no","4.1.0"
"nloptr","nloptr","/home/bd/R/x86_64-pc-linux-gnu-library/4.1","1.2.2.3",NA,NA,NA,NA,"testthat (>= 0.8.1), knitr, rmarkdown, inline (>= 0.3.14)",NA,"LGPL-3",NA,NA,NA,NA,"yes","4.1.2"
"openssl","openssl","/home/bd/R/x86_64-pc-linux-gnu-library/4.1","1.4.5",NA,NA,"askpass",NA,"testthat (>= 2.1.0), digest, knitr, rmarkdown, jsonlite,
jose, sodium",NA,"MIT + file LICENSE",NA,NA,NA,NA,"yes","4.1.2"
"pillar","pillar","/home/bd/R/x86_64-pc-linux-gnu-library/4.1","1.6.4",NA,NA,"cli, crayon (>= 1.3.4), ellipsis (>= 0.3.2), fansi, lifecycle,
rlang (>= 0.3.0), utf8 (>= 1.1.0), utils, vctrs (>= 0.3.8)",NA,"bit64, debugme, DiagrammeR, dplyr, formattable, ggplot2,
knitr, lubridate, nycflights13, palmerpenguins, rmarkdown,
scales, stringi, survival, testthat (>= 3.0.2), tibble, units
(>= 0.7.2), withr",NA,"MIT + file LICENSE",NA,NA,NA,NA,"no","4.1.2"
"pkgconfig","pkgconfig","/home/bd/R/x86_64-pc-linux-gnu-library/4.1","2.0.3",NA,NA,"utils",NA,"covr, testthat, disposables (>= 1.0.3)",NA,"MIT + file LICENSE",NA,NA,NA,NA,"no","4.1.0"
"plyr","plyr","/home/bd/R/x86_64-pc-linux-gnu-library/4.1","1.8.6",NA,"R (>= 3.1.0)","Rcpp (>= 0.11.0)","Rcpp","abind, covr, doParallel, foreach, iterators, itertools,
tcltk, testthat",NA,"MIT + file LICENSE",NA,NA,NA,NA,"yes","4.1.1"
"prettyunits","prettyunits","/home/bd/R/x86_64-pc-linux-gnu-library/4.1","1.1.1",NA,NA,NA,NA,"codetools, covr, testthat",NA,"MIT + file LICENSE",NA,NA,NA,NA,"no","4.1.0"
"processx","processx","/home/bd/R/x86_64-pc-linux-gnu-library/4.1","3.5.2",NA,NA,"ps (>= 1.2.0), R6, utils",NA,"callr (>= 3.2.0), cli, codetools, covr, curl, debugme,
parallel, testthat, withr",NA,"MIT + file LICENSE",NA,NA,NA,NA,"yes","4.1.0"
"progress","progress","/home/bd/R/x86_64-pc-linux-gnu-library/4.1","1.2.2",NA,NA,"hms, prettyunits, R6, crayon",NA,"Rcpp, testthat, withr",NA,"MIT + file LICENSE",NA,NA,NA,NA,"no","4.1.0"
"ps","ps","/home/bd/R/x86_64-pc-linux-gnu-library/4.1","1.6.0",NA,"R (>= 3.1)","utils",NA,"callr, covr, curl, pingr, processx (>= 3.1.0), R6, rlang,
testthat, tibble",NA,"MIT + file LICENSE",NA,NA,NA,NA,"yes","4.1.0"
"purrr","purrr","/home/bd/R/x86_64-pc-linux-gnu-library/4.1","0.3.4",NA,"R (>= 3.2)","magrittr (>= 1.5), rlang (>= 0.3.1)",NA,"covr, crayon, dplyr (>= 0.7.8), knitr, rmarkdown, testthat,
tibble, tidyselect",NA,"GPL-3 | file LICENSE",NA,NA,NA,NA,"yes","4.1.0"
"R6","R6","/home/bd/R/x86_64-pc-linux-gnu-library/4.1","2.5.1",NA,"R (>= 3.0)",NA,NA,"testthat, pryr",NA,"MIT + file LICENSE",NA,NA,NA,NA,"no","4.1.2"
"rappdirs","rappdirs","/home/bd/R/x86_64-pc-linux-gnu-library/4.1","0.3.3",NA,"R (>= 3.2)",NA,NA,"roxygen2, testthat (>= 3.0.0), covr, withr",NA,"MIT + file LICENSE",NA,NA,NA,NA,"yes","4.1.0"
"RColorBrewer","RColorBrewer","/home/bd/R/x86_64-pc-linux-gnu-library/4.1","1.1-2",NA,"R (>= 2.0.0)",NA,NA,NA,NA,"Apache License 2.0",NA,NA,NA,NA,"no","4.1.0"
"Rcpp","Rcpp","/home/bd/R/x86_64-pc-linux-gnu-library/4.1","1.0.7",NA,NA,"methods, utils",NA,"tinytest, inline, rbenchmark, pkgKitten (>= 0.1.2)",NA,"GPL (>= 2)",NA,NA,NA,NA,"yes","4.1.0"
"RcppArmadillo","RcppArmadillo","/home/bd/R/x86_64-pc-linux-gnu-library/4.1","0.10.7.3.0",NA,"R (>= 3.3.0)","Rcpp (>= 0.11.0), stats, utils, methods","Rcpp","tinytest, Matrix (>= 1.3.0), pkgKitten, reticulate, slam",NA,"GPL (>= 2)",NA,NA,NA,NA,"yes","4.1.2"
"RcppEigen","RcppEigen","/home/bd/R/x86_64-pc-linux-gnu-library/4.1","0.3.3.9.1",NA,NA,"Matrix (>= 1.1-0), Rcpp (>= 0.11.0), stats, utils","Rcpp","inline, tinytest, pkgKitten, microbenchmark",NA,"GPL (>= 2) | file LICENSE",NA,NA,NA,NA,"yes","4.1.1"
"RcppParallel","RcppParallel","/home/bd/R/x86_64-pc-linux-gnu-library/4.1","5.1.4",NA,"R (>= 3.0.2)",NA,NA,"Rcpp, RUnit, knitr, rmarkdown",NA,"GPL (>= 2)",NA,NA,NA,NA,"yes","4.1.1"
"readr","readr","/home/bd/R/x86_64-pc-linux-gnu-library/4.1","2.1.1",NA,"R (>= 3.1)","cli, clipr, crayon, hms (>= 0.4.1), methods, rlang, R6,
tibble, vroom (>= 1.5.6), utils, lifecycle (>= 0.2.0)","cpp11, tzdb (>= 0.1.1)","datasets, covr, curl, knitr, rmarkdown, spelling, stringi,
testthat, tzdb (>= 0.1.1), waldo, withr, xml2",NA,"MIT + file LICENSE",NA,NA,NA,NA,"yes","4.1.2"
"readxl","readxl","/home/bd/R/x86_64-pc-linux-gnu-library/4.1","1.3.1",NA,NA,"cellranger, Rcpp (>= 0.12.18), tibble (>= 1.3.1), utils","progress, Rcpp","covr, knitr, rmarkdown, rprojroot (>= 1.1), testthat",NA,"GPL-3",NA,NA,NA,NA,"yes","4.1.0"
"rematch","rematch","/home/bd/R/x86_64-pc-linux-gnu-library/4.1","1.0.1",NA,NA,NA,NA,"covr, testthat",NA,"MIT + file LICENSE",NA,NA,NA,NA,"no","4.1.0"
"rematch2","rematch2","/home/bd/R/x86_64-pc-linux-gnu-library/4.1","2.1.2",NA,NA,"tibble",NA,"covr, testthat",NA,"MIT + file LICENSE",NA,NA,NA,NA,"no","4.1.0"
"reprex","reprex","/home/bd/R/x86_64-pc-linux-gnu-library/4.1","2.0.1",NA,"R (>= 3.3)","callr (>= 3.6.0), cli (>= 2.3.1), clipr (>= 0.4.0), fs, glue,
knitr (>= 1.23), rlang (>= 0.4.0), rmarkdown, rstudioapi,
utils, withr (>= 2.3.0)",NA,"covr, fortunes, miniUI, mockr, rprojroot, sessioninfo, shiny,
spelling, styler (>= 1.2.0), testthat (>= 3.0.2)",NA,"MIT + file LICENSE",NA,NA,NA,NA,"no","4.1.0"
"reshape2","reshape2","/home/bd/R/x86_64-pc-linux-gnu-library/4.1","1.4.4",NA,"R (>= 3.1)","plyr (>= 1.8.1), Rcpp, stringr","Rcpp","covr, lattice, testthat (>= 0.8.0)",NA,"MIT + file LICENSE",NA,NA,NA,NA,"yes","4.1.1"
"rlang","rlang","/home/bd/R/x86_64-pc-linux-gnu-library/4.1","0.4.12",NA,"R (>= 3.3.0)","utils",NA,"cli, covr, crayon, glue, magrittr, methods, pak, pillar,
rmarkdown, testthat (>= 3.0.0), vctrs (>= 0.2.3), withr","winch","MIT + file LICENSE",NA,NA,NA,NA,"yes","4.1.2"
"rmarkdown","rmarkdown","/home/bd/R/x86_64-pc-linux-gnu-library/4.1","2.11",NA,"R (>= 3.0)","tools, utils, knitr (>= 1.22), yaml (>= 2.1.19), htmltools (>=
0.3.5), evaluate (>= 0.13), jsonlite, tinytex (>= 0.31), xfun
(>= 0.21), jquerylib, methods, stringr (>= 1.2.0)",NA,"shiny (>= 1.6.0), tufte, testthat (>= 3.0.0), digest,
dygraphs, vctrs, tibble, fs, rsconnect, withr (>= 2.4.2), bslib
(>= 0.2.5.1), sass (>= 0.4.0)",NA,"GPL-3",NA,NA,NA,NA,"no","4.1.2"
"rprojroot","rprojroot","/home/bd/R/x86_64-pc-linux-gnu-library/4.1","2.0.2",NA,"R (>= 3.0.0)",NA,NA,"covr, knitr, lifecycle, mockr, rmarkdown, testthat (>=
3.0.0), withr",NA,"MIT + file LICENSE",NA,NA,NA,NA,"no","4.1.0"
"rstudioapi","rstudioapi","/home/bd/R/x86_64-pc-linux-gnu-library/4.1","0.13",NA,NA,NA,NA,"testthat, knitr, rmarkdown, clipr",NA,"MIT + file LICENSE",NA,NA,NA,NA,"no","4.1.0"
"rvest","rvest","/home/bd/R/x86_64-pc-linux-gnu-library/4.1","1.0.2",NA,"R (>= 3.2)","httr (>= 0.5), lifecycle (>= 1.0.0), magrittr, rlang (>=
0.4.10), selectr, tibble, xml2 (>= 1.3)",NA,"covr, glue, knitr, readr, rmarkdown, repurrrsive, spelling,
stringi (>= 0.3.1), testthat (>= 3.0.2), webfakes",NA,"MIT + file LICENSE",NA,NA,NA,NA,"no","4.1.2"
"scales","scales","/home/bd/R/x86_64-pc-linux-gnu-library/4.1","1.1.1",NA,"R (>= 3.2)","farver (>= 2.0.3), labeling, lifecycle, munsell (>= 0.5), R6,
RColorBrewer, viridisLite",NA,"bit64, covr, dichromat, ggplot2, hms (>= 0.5.0), testthat (>=
2.1.0)",NA,"MIT + file LICENSE",NA,NA,NA,NA,"no","4.1.0"
"selectr","selectr","/home/bd/R/x86_64-pc-linux-gnu-library/4.1","0.4-2",NA,"R (>= 3.0)","methods, stringr, R6",NA,"testthat, XML, xml2",NA,"BSD_3_clause + file LICENCE",NA,NA,NA,NA,"no","4.1.0"
"stringi","stringi","/home/bd/R/x86_64-pc-linux-gnu-library/4.1","1.7.6",NA,"R (>= 3.1)","tools, utils, stats",NA,NA,NA,"file LICENSE","yes",NA,NA,NA,"yes","4.1.2"
"stringr","stringr","/home/bd/R/x86_64-pc-linux-gnu-library/4.1","1.4.0",NA,"R (>= 3.1)","glue (>= 1.2.0), magrittr, stringi (>= 1.1.7)",NA,"covr, htmltools, htmlwidgets, knitr, rmarkdown, testthat",NA,"GPL-2 | file LICENSE",NA,NA,NA,NA,"no","4.1.0"
"sys","sys","/home/bd/R/x86_64-pc-linux-gnu-library/4.1","3.4",NA,NA,NA,NA,"unix (>= 1.4), spelling, testthat",NA,"MIT + file LICENSE",NA,NA,NA,NA,"yes","4.1.0"
"tibble","tibble","/home/bd/R/x86_64-pc-linux-gnu-library/4.1","3.1.6",NA,"R (>= 3.1.0)","ellipsis (>= 0.3.2), fansi (>= 0.4.0), lifecycle (>= 1.0.0),
magrittr, methods, pillar (>= 1.6.2), pkgconfig, rlang (>=
0.4.3), utils, vctrs (>= 0.3.8)",NA,"bench, bit64, blob, brio, callr, cli, covr, crayon (>=
1.3.4), DiagrammeR, dplyr, evaluate, formattable, ggplot2, hms,
htmltools, knitr, lubridate, mockr, nycflights13, pkgbuild,
pkgload, purrr, rmarkdown, stringi, testthat (>= 3.0.2), tidyr,
withr",NA,"MIT + file LICENSE",NA,NA,NA,NA,"yes","4.1.2"
"tidyr","tidyr","/home/bd/R/x86_64-pc-linux-gnu-library/4.1","1.1.4",NA,"R (>= 3.1)","dplyr (>= 0.8.2), ellipsis (>= 0.1.0), glue, lifecycle,
magrittr, purrr, rlang, tibble (>= 2.1.1), tidyselect (>=
1.1.0), utils, vctrs (>= 0.3.6)","cpp11 (>= 0.2.6)","covr, data.table, jsonlite, knitr, readr, repurrrsive (>=
1.0.0), rmarkdown, testthat (>= 3.0.0)",NA,"MIT + file LICENSE",NA,NA,NA,NA,"yes","4.1.2"
"tidyselect","tidyselect","/home/bd/R/x86_64-pc-linux-gnu-library/4.1","1.1.1",NA,"R (>= 3.2)","ellipsis, glue (>= 1.3.0), purrr (>= 0.3.2), rlang (>= 0.4.6),
vctrs (>= 0.3.0)",NA,"covr, crayon, dplyr, knitr, magrittr, rmarkdown, testthat (>=
2.3.0), tibble (>= 2.1.3), withr",NA,"MIT + file LICENSE",NA,NA,NA,NA,"yes","4.1.0"
"tidytuesdayR","tidytuesdayR","/home/bd/R/x86_64-pc-linux-gnu-library/4.1","1.0.1",NA,"R (>= 3.4.0)","readxl (>= 1.0.0), rvest (>= 0.3.2), tools (>= 3.1.0),
lubridate (>= 1.7.0), purrr (>= 0.2.5), readr (>= 1.0.0),
rstudioapi (>= 0.2), xml2 (>= 1.2.0), httr, jsonlite, magrittr,
usethis",NA,"testthat (>= 2.1.0), covr, pkgdown, tibble",NA,"MIT + file LICENSE",NA,NA,NA,NA,"no","4.1.0"
"tidyverse","tidyverse","/home/bd/R/x86_64-pc-linux-gnu-library/4.1","1.3.1",NA,"R (>= 3.3)","broom (>= 0.7.6), cli (>= 2.4.0), crayon (>= 1.4.1), dbplyr
(>= 2.1.1), dplyr (>= 1.0.5), dtplyr (>= 1.1.0), forcats (>=
0.5.1), googledrive (>= 1.0.1), googlesheets4 (>= 0.3.0),
ggplot2 (>= 3.3.3), haven (>= 2.3.1), hms (>= 1.0.0), httr (>=
1.4.2), jsonlite (>= 1.7.2), lubridate (>= 1.7.10), magrittr
(>= 2.0.1), modelr (>= 0.1.8), pillar (>= 1.6.0), purrr (>=
0.3.4), readr (>= 1.4.0), readxl (>= 1.3.1), reprex (>= 2.0.0),
rlang (>= 0.4.10), rstudioapi (>= 0.13), rvest (>= 1.0.0),
stringr (>= 1.4.0), tibble (>= 3.1.0), tidyr (>= 1.1.3), xml2
(>= 1.3.2)",NA,"covr, feather, glue, knitr, rmarkdown, testthat",NA,"MIT + file LICENSE",NA,NA,NA,NA,"no","4.1.0"
"tinytex","tinytex","/home/bd/R/x86_64-pc-linux-gnu-library/4.1","0.35",NA,NA,"xfun (>= 0.23)",NA,"testit, rstudioapi",NA,"MIT + file LICENSE",NA,NA,NA,NA,"no","4.1.2"
"tzdb","tzdb","/home/bd/R/x86_64-pc-linux-gnu-library/4.1","0.2.0",NA,"R (>= 3.3)",NA,"cpp11 (>= 0.4.0)","covr, testthat (>= 3.0.0)",NA,"MIT + file LICENSE",NA,NA,NA,NA,"yes","4.1.2"
"usethis","usethis","/home/bd/R/x86_64-pc-linux-gnu-library/4.1","2.1.3",NA,"R (>= 3.4)","cli (>= 3.0.1), clipr (>= 0.3.0), crayon, curl (>= 2.7), desc
(>= 1.4.0), fs (>= 1.3.0), gert (>= 1.4.1), gh (>= 1.2.1), glue
(>= 1.3.0), jsonlite, lifecycle (>= 1.0.0), purrr, rappdirs,
rlang (>= 0.4.10), rprojroot (>= 1.2), rstudioapi, stats,
utils, whisker, withr (>= 2.3.0), yaml",NA,"covr, knitr, magick, mockr, pkgload, rmarkdown, roxygen2,
spelling (>= 1.2), styler (>= 1.2.0), testthat (>= 3.1.0)",NA,"MIT + file LICENSE",NA,NA,NA,NA,"no","4.1.2"
"utf8","utf8","/home/bd/R/x86_64-pc-linux-gnu-library/4.1","1.2.2",NA,"R (>= 2.10)",NA,NA,"cli, covr, knitr, rlang, rmarkdown, testthat (>= 3.0.0),
withr",NA,"Apache License (== 2.0) | file LICENSE",NA,NA,NA,NA,"yes","4.1.0"
"uuid","uuid","/home/bd/R/x86_64-pc-linux-gnu-library/4.1","1.0-3",NA,"R (>= 2.9.0)",NA,NA,NA,NA,"MIT + file LICENSE",NA,NA,NA,NA,"yes","4.1.2"
"vctrs","vctrs","/home/bd/R/x86_64-pc-linux-gnu-library/4.1","0.3.8",NA,"R (>= 3.3)","ellipsis (>= 0.2.0), glue, rlang (>= 0.4.10)",NA,"bit64, covr, crayon, dplyr (>= 0.8.5), generics, knitr,
pillar (>= 1.4.4), pkgdown, rmarkdown, testthat (>= 2.3.0),
tibble, withr, xml2, waldo (>= 0.2.0), zeallot",NA,"MIT + file LICENSE",NA,NA,NA,NA,"yes","4.1.0"
"viridisLite","viridisLite","/home/bd/R/x86_64-pc-linux-gnu-library/4.1","0.4.0",NA,"R (>= 2.10)",NA,NA,"hexbin (>= 1.27.0), ggplot2 (>= 1.0.1), testthat, covr",NA,"MIT + file LICENSE",NA,NA,NA,NA,"no","4.1.0"
"vroom","vroom","/home/bd/R/x86_64-pc-linux-gnu-library/4.1","1.5.7",NA,"R (>= 3.1)","bit64, crayon, cli, glue, hms, lifecycle, methods, rlang (>=
0.4.2), stats, tibble (>= 2.0.0), tzdb (>= 0.1.1), vctrs (>=
0.2.0), tidyselect, withr","progress (>= 1.2.1), cpp11 (>= 0.2.0), tzdb (>= 0.1.1)","archive, bench (>= 1.1.0), covr, curl, dplyr, forcats, fs,
ggplot2, knitr, patchwork, prettyunits, purrr, rmarkdown,
rstudioapi, scales, spelling, testthat (>= 2.1.0), tidyr,
utils, waldo, xml2",NA,"MIT + file LICENSE",NA,NA,NA,NA,"yes","4.1.2"
"whisker","whisker","/home/bd/R/x86_64-pc-linux-gnu-library/4.1","0.4",NA,NA,NA,NA,"markdown",NA,"GPL-3",NA,NA,NA,NA,"no","4.1.0"
"withr","withr","/home/bd/R/x86_64-pc-linux-gnu-library/4.1","2.4.3",NA,"R (>= 3.2.0)","graphics, grDevices, stats",NA,"callr, covr, DBI, knitr, lattice, methods, rmarkdown,
RSQLite, testthat (>= 3.0.0)",NA,"MIT + file LICENSE",NA,NA,NA,NA,"no","4.1.2"
"xfun","xfun","/home/bd/R/x86_64-pc-linux-gnu-library/4.1","0.28",NA,NA,"stats, tools",NA,"testit, parallel, codetools, rstudioapi, tinytex (>= 0.30),
mime, markdown, knitr, htmltools, remotes, pak, rhub, renv,
curl, jsonlite, rmarkdown",NA,"MIT + file LICENSE",NA,NA,NA,NA,"yes","4.1.2"
"xml2","xml2","/home/bd/R/x86_64-pc-linux-gnu-library/4.1","1.3.3",NA,"R (>= 3.1.0)","methods",NA,"covr, curl, httr, knitr, magrittr, mockery, rmarkdown,
testthat (>= 2.1.0)",NA,"MIT + file LICENSE",NA,NA,NA,NA,"yes","4.1.2"
"yaml","yaml","/home/bd/R/x86_64-pc-linux-gnu-library/4.1","2.2.1",NA,NA,NA,NA,"RUnit",NA,"BSD_3_clause + file LICENSE",NA,NA,NA,NA,"yes","4.1.0"
"zip","zip","/home/bd/R/x86_64-pc-linux-gnu-library/4.1","2.2.0",NA,NA,NA,NA,"covr, processx, R6, testthat, withr",NA,"MIT + file LICENSE",NA,NA,NA,NA,"yes","4.1.0"
"base","base","/usr/lib/R/library","4.1.2","base",NA,NA,NA,"methods",NA,"Part of R 4.1.2",NA,NA,NA,NA,NA,"4.1.2"
"boot","boot","/usr/lib/R/library","1.3-28","recommended","R (>= 3.0.0), graphics, stats",NA,NA,"MASS, survival",NA,"Unlimited",NA,NA,NA,NA,"no","4.1.2"
"class","class","/usr/lib/R/library","7.3-19","recommended","R (>= 3.0.0), stats, utils","MASS",NA,NA,NA,"GPL-2 | GPL-3",NA,NA,NA,NA,"yes","4.1.2"
"cluster","cluster","/usr/lib/R/library","2.1.2","recommended","R (>= 3.4.0)","graphics, grDevices, stats, utils",NA,"MASS, Matrix",NA,"GPL (>= 2)",NA,NA,NA,NA,"yes","4.1.2"
"codetools","codetools","/usr/lib/R/library","0.2-18","recommended","R (>= 2.1)",NA,NA,NA,NA,"GPL",NA,NA,NA,NA,"no","4.1.2"
"compiler","compiler","/usr/lib/R/library","4.1.2","base",NA,NA,NA,NA,NA,"Part of R 4.1.2",NA,NA,NA,NA,NA,"4.1.2"
"datasets","datasets","/usr/lib/R/library","4.1.2","base",NA,NA,NA,NA,NA,"Part of R 4.1.2",NA,NA,NA,NA,NA,"4.1.2"
"foreign","foreign","/usr/lib/R/library","0.8-81","recommended","R (>= 4.0.0)","methods, utils, stats",NA,NA,NA,"GPL (>= 2)",NA,NA,NA,NA,"yes","4.1.2"
"graphics","graphics","/usr/lib/R/library","4.1.2","base",NA,"grDevices",NA,NA,NA,"Part of R 4.1.2",NA,NA,NA,NA,"yes","4.1.2"
"grDevices","grDevices","/usr/lib/R/library","4.1.2","base",NA,NA,NA,"KernSmooth",NA,"Part of R 4.1.2",NA,NA,NA,NA,"yes","4.1.2"
"grid","grid","/usr/lib/R/library","4.1.2","base",NA,"grDevices, utils",NA,NA,NA,"Part of R 4.1.2",NA,NA,NA,NA,"yes","4.1.2"
"KernSmooth","KernSmooth","/usr/lib/R/library","2.23-20","recommended","R (>= 2.5.0), stats",NA,NA,"MASS, carData",NA,"Unlimited",NA,NA,NA,NA,"yes","4.1.2"
"lattice","lattice","/usr/lib/R/library","0.20-45","recommended","R (>= 3.0.0)","grid, grDevices, graphics, stats, utils",NA,"KernSmooth, MASS, latticeExtra","chron","GPL (>= 2)",NA,NA,NA,NA,"yes","4.1.2"
"MASS","MASS","/usr/lib/R/library","7.3-54","recommended","R (>= 3.3.0), grDevices, graphics, stats, utils","methods",NA,"lattice, nlme, nnet, survival",NA,"GPL-2 | GPL-3",NA,NA,NA,NA,"yes","4.1.2"
"Matrix","Matrix","/usr/lib/R/library","1.3-4","recommended","R (>= 3.5.0)","methods, graphics, grid, stats, utils, lattice",NA,"expm, MASS","MatrixModels, graph, SparseM, sfsmisc, igraph, maptools, sp,
spdep","GPL (>= 2) | file LICENCE",NA,NA,NA,NA,"yes","4.1.2"
"methods","methods","/usr/lib/R/library","4.1.2","base",NA,"utils, stats",NA,"codetools",NA,"Part of R 4.1.2",NA,NA,NA,NA,"yes","4.1.2"
"mgcv","mgcv","/usr/lib/R/library","1.8-38","recommended","R (>= 3.6.0), nlme (>= 3.1-64)","methods, stats, graphics, Matrix, splines, utils",NA,"parallel, survival, MASS",NA,"GPL (>= 2)",NA,NA,NA,NA,"yes","4.1.2"
"nlme","nlme","/usr/lib/R/library","3.1-153","recommended","R (>= 3.4.0)","graphics, stats, utils, lattice",NA,"Hmisc, MASS",NA,"GPL (>= 2) | file LICENCE",NA,NA,NA,NA,"yes","4.1.2"
"nnet","nnet","/usr/lib/R/library","7.3-16","recommended","R (>= 3.0.0), stats, utils",NA,NA,"MASS",NA,"GPL-2 | GPL-3",NA,NA,NA,NA,"yes","4.1.2"
"parallel","parallel","/usr/lib/R/library","4.1.2","base",NA,"tools, compiler",NA,"methods","snow, nws, Rmpi","Part of R 4.1.2",NA,NA,NA,NA,"yes","4.1.2"
"rpart","rpart","/usr/lib/R/library","4.1-15","recommended","R (>= 2.15.0), graphics, stats, grDevices",NA,NA,"survival",NA,"GPL-2 | GPL-3",NA,NA,NA,NA,"yes","4.1.2"
"spatial","spatial","/usr/lib/R/library","7.3-14","recommended","R (>= 3.0.0), graphics, stats, utils",NA,NA,"MASS",NA,"GPL-2 | GPL-3",NA,NA,NA,NA,"yes","4.1.2"
"splines","splines","/usr/lib/R/library","4.1.2","base",NA,"graphics, stats",NA,"Matrix, methods",NA,"Part of R 4.1.2",NA,NA,NA,NA,"yes","4.1.2"
"stats","stats","/usr/lib/R/library","4.1.2","base",NA,"utils, grDevices, graphics",NA,"MASS, Matrix, SuppDists, methods, stats4",NA,"Part of R 4.1.2",NA,NA,NA,NA,"yes","4.1.2"
"stats4","stats4","/usr/lib/R/library","4.1.2","base",NA,"graphics, methods, stats",NA,NA,NA,"Part of R 4.1.2",NA,NA,NA,NA,NA,"4.1.2"
"survival","survival","/usr/lib/R/library","3.2-13","recommended","R (>= 3.5.0)","graphics, Matrix, methods, splines, stats, utils",NA,NA,NA,"LGPL (>= 2)",NA,NA,NA,NA,"yes","4.1.2"
"tcltk","tcltk","/usr/lib/R/library","4.1.2","base",NA,"utils",NA,NA,NA,"Part of R 4.1.2",NA,NA,NA,NA,"yes","4.1.2"
"tools","tools","/usr/lib/R/library","4.1.2","base",NA,NA,NA,"codetools, methods, xml2, curl, commonmark",NA,"Part of R 4.1.2",NA,NA,NA,NA,"yes","4.1.2"
"utils","utils","/usr/lib/R/library","4.1.2","base",NA,NA,NA,"methods, xml2, commonmark",NA,"Part of R 4.1.2",NA,NA,NA,NA,"yes","4.1.2"
